,parameters,value
0,mean_ndvi,0.626144006307369
1,minimum_ndvi,0.4868420958518982
2,maximim_ndvi,0.7506178617477417
