parameters,value
mean_ndvi,0.6261440320625964
minimum_ndvi,0.4868421052631579
maximum_ndvi,0.7506178386879353
